Title,Company,Location,Type,URL,Date Added,Status
Technical Curriculum Developer,Purestorage,"Chicago, Illinois; Lehi, Utah; New York, New York; Santa Clara, California",,https://boards.greenhouse.io/purestorage/jobs/7145087?gh_jid=7145087,2025-10-25T15:24:09.804124Z,Not Applied
Product Quality Engineer,Purestorage,"Houston, Texas; Santa Clara, California",,https://boards.greenhouse.io/purestorage/jobs/7261014?gh_jid=7261014,2025-10-25T15:24:09.801769Z,Not Applied
Inventory Analyst,Purestorage,"Remote, Vietnam",,https://boards.greenhouse.io/purestorage/jobs/7278891?gh_jid=7278891,2025-10-25T15:24:09.798892Z,Not Applied
"Consulting Systems Engineer-SLED, NYC ",Purestorage,"New York, New York",,https://boards.greenhouse.io/purestorage/jobs/7343401?gh_jid=7343401,2025-10-25T15:24:09.785321Z,Not Applied
Technical Support Engineer (Eastern or Pacific Time),Zscaler,Remote - USA,,https://job-boards.greenhouse.io/zscaler/jobs/4929725007,2025-10-25T15:24:07.02734Z,Not Applied
Technical Project Management-SkillBridge Intern,Zscaler,USA - Update Location,,https://job-boards.greenhouse.io/zscaler/jobs/4941045007,2025-10-25T15:24:07.025258Z,Not Applied
Technical Enablement- SkillBridge Intern,Zscaler,Remote - USA,,https://job-boards.greenhouse.io/zscaler/jobs/4779245007,2025-10-25T15:24:07.023558Z,Not Applied
Sr. Software Engineer- Agentic AI & Digital Experience,Zscaler,"San Jose, California, USA",,https://job-boards.greenhouse.io/zscaler/jobs/4919460007,2025-10-25T15:24:07.021594Z,Not Applied
"Specialist Account Executive, ZT Cloud   ",Zscaler,Remote - France,,https://job-boards.greenhouse.io/zscaler/jobs/4954982007,2025-10-25T15:24:07.019575Z,Not Applied
Specialist Account Executive - Data Security - Federal,Zscaler,"Remote - D.C., USA",,https://job-boards.greenhouse.io/zscaler/jobs/4797816007,2025-10-25T15:24:07.017205Z,Not Applied
Specialist Account Executive - Data Security,Zscaler,"Melbourne, AUS; Sydney, AUS",,https://job-boards.greenhouse.io/zscaler/jobs/4942226007,2025-10-25T15:24:07.015551Z,Not Applied
Sales Engineer - Norway,Zscaler,Remote - Norway,,https://job-boards.greenhouse.io/zscaler/jobs/4869904007,2025-10-25T15:24:07.013459Z,Not Applied
"Sales Engineer, Enterprise - Heartlands",Zscaler,"Remote - Wisconsin, USA",,https://job-boards.greenhouse.io/zscaler/jobs/4925843007,2025-10-25T15:24:07.011428Z,Not Applied
"Sales Engineer - Enterprise, Germany",Zscaler,Remote - Germany,,https://job-boards.greenhouse.io/zscaler/jobs/4738559007,2025-10-25T15:24:07.009324Z,Not Applied
Sales Engineer,Zscaler,Remote - Hong Kong,,https://job-boards.greenhouse.io/zscaler/jobs/4942213007,2025-10-25T15:24:07.007007Z,Not Applied
Sales Engineer,Zscaler,"Melbourne, AUS",,https://job-boards.greenhouse.io/zscaler/jobs/4917433007,2025-10-25T15:24:07.00468Z,Not Applied
Partner Sales Specialist,Zscaler,Remote - Mexico,,https://job-boards.greenhouse.io/zscaler/jobs/4842198007,2025-10-25T15:24:07.00259Z,Not Applied
Cyber Incident Response/Customer Security Operations - SkillBridge Intern,Zscaler,USA - Update Location,,https://job-boards.greenhouse.io/zscaler/jobs/4946064007,2025-10-25T15:24:07.000623Z,Not Applied
Commercial Sales Engineer - Mountain West,Zscaler,"Remote - Arizona, USA; Remote - Colorado, USA; Remote - Nevada, USA; Remote - Utah, USA",,https://job-boards.greenhouse.io/zscaler/jobs/4684580007,2025-10-25T15:24:06.998794Z,Not Applied
Associate Technical Support Engineer (Eastern or Pacific Time),Zscaler,Remote - USA,,https://job-boards.greenhouse.io/zscaler/jobs/4929742007,2025-10-25T15:24:06.996785Z,Not Applied
Associate Sales Engineer - German Speaking,Zscaler,"Madrid, ESP; Remote - Spain",,https://job-boards.greenhouse.io/zscaler/jobs/4855699007,2025-10-25T15:24:06.983852Z,Not Applied
"Solutions Engineering Associate, Okta",Okta,"Massachusetts; New Jersey; New York, New York",,https://www.okta.com/company/careers/opportunity/7291346?gh_jid=7291346,2025-10-25T15:24:04.653861Z,Not Applied
"Software Engineer, Device Assurance (Java)",Okta,"San Francisco, California",,https://www.okta.com/company/careers/opportunity/7301875?gh_jid=7301875,2025-10-25T15:24:04.651711Z,Not Applied
Product Marketing Specialist - Identity Management ,Okta,"Bellevue, Washington; Chicago, Illinois; Toronto, Ontario, Canada",,https://www.okta.com/company/careers/opportunity/7075089?gh_jid=7075089,2025-10-25T15:24:04.649445Z,Not Applied
IT Support Engineer,Okta,"Chicago, Illinois",,https://www.okta.com/company/careers/opportunity/7251087?gh_jid=7251087,2025-10-25T15:24:04.647376Z,Not Applied
Distinguished Engineer ,Okta,"New York, New York",,https://www.okta.com/company/careers/opportunity/6925175?gh_jid=6925175,2025-10-25T15:24:04.645286Z,Not Applied
US Payroll Specialist,Gitlab,Remote,,https://job-boards.greenhouse.io/gitlab/jobs/8200406002,2025-10-25T15:24:02.316625Z,Not Applied
"Salesforce Admin/Release Engineer, CRM Systems",Gitlab,"Remote, APAC",,https://job-boards.greenhouse.io/gitlab/jobs/8171608002,2025-10-25T15:24:02.315051Z,Not Applied
Product Analyst,Gitlab,"Remote, EMEA; Remote, North America",,https://job-boards.greenhouse.io/gitlab/jobs/8195430002,2025-10-25T15:24:02.313417Z,Not Applied
"Intermediate Software Security Engineer, Trust and Safety",Gitlab,"Remote, APAC; Remote, EMEA",,https://job-boards.greenhouse.io/gitlab/jobs/8168267002,2025-10-25T15:24:02.311917Z,Not Applied
"Intermediate Site Reliability Engineer, Networking and Incident Management",Gitlab,"Remote, APAC; Remote, EMEA",,https://job-boards.greenhouse.io/gitlab/jobs/8157437002,2025-10-25T15:24:02.310044Z,Not Applied
"Intermediate Site Reliability Engineer, GitLab Delivery - Release and Deploy",Gitlab,"Remote, EMEA",,https://job-boards.greenhouse.io/gitlab/jobs/8199059002,2025-10-25T15:24:02.30831Z,Not Applied
"Intermediate Site Reliability Engineer, Database Operations",Gitlab,"Remote, EMEA",,https://job-boards.greenhouse.io/gitlab/jobs/8199072002,2025-10-25T15:24:02.306954Z,Not Applied
"Intermediate Site Reliability Engineer, Database Operations",Gitlab,"Remote, Australia; Remote, Canada; Remote, New Zealand",,https://job-boards.greenhouse.io/gitlab/jobs/8092087002,2025-10-25T15:24:02.30567Z,Not Applied
"Intermediate Security Engineer, Security Incident Response Team",Gitlab,"Remote, Australia",,https://job-boards.greenhouse.io/gitlab/jobs/8160669002,2025-10-25T15:24:02.30447Z,Not Applied
"Intermediate Fullstack Engineer (Ruby/Vue.js), Growth",Gitlab,"Remote, EMEA; Remote, Europe; Remote, Netherlands; Remote, United Kingdom",,https://job-boards.greenhouse.io/gitlab/jobs/8162062002,2025-10-25T15:24:02.303169Z,Not Applied
"Intermediate Fullstack Engineer (Ruby/Vue.js), Analytics Instrumentation ",Gitlab,"Remote, Canada; Remote, EMEA; Remote, Europe; Remote, Netherlands; Remote, United Kingdom",,https://job-boards.greenhouse.io/gitlab/jobs/8161980002,2025-10-25T15:24:02.301653Z,Not Applied
"Intermediate Fullstack Engineer (Ruby/Vue.js), AI Engineering, Custom Models",Gitlab,"Remote, Americas; Remote, EMEA",,https://job-boards.greenhouse.io/gitlab/jobs/8207075002,2025-10-25T15:24:02.299976Z,Not Applied
"Intermediate Fullstack Engineer (Ruby on Rails & Vue.js), Plan: Knowledge",Gitlab,"Remote, APAC; Remote, EMEA",,https://job-boards.greenhouse.io/gitlab/jobs/8157484002,2025-10-25T15:24:02.298294Z,Not Applied
"Intermediate Frontend Engineer (Vue.js), Plan: Product Planning ",Gitlab,Remote,,https://job-boards.greenhouse.io/gitlab/jobs/8199086002,2025-10-25T15:24:02.296992Z,Not Applied
"Intermediate Backend Engineer (Ruby), Verify:Pipeline Authoring",Gitlab,"Remote, Canada; Remote, EMEA; Remote, Netherlands; Remote, United Kingdom",,https://job-boards.greenhouse.io/gitlab/jobs/8187011002,2025-10-25T15:24:02.295644Z,Not Applied
"Intermediate Backend Engineer (Ruby), Verify: CI Platform",Gitlab,"Remote, Canada; Remote, EMEA; Remote, Netherlands; Remote, United Kingdom",,https://job-boards.greenhouse.io/gitlab/jobs/8187023002,2025-10-25T15:24:02.294128Z,Not Applied
"Intermediate Backend Engineer (RoR), Security Risk Management: Security Insights",Gitlab,"Remote, Canada; Remote, Israel; Remote, Netherlands; Remote, United Kingdom",,https://job-boards.greenhouse.io/gitlab/jobs/8174189002,2025-10-25T15:24:02.292698Z,Not Applied
"Intermediate Backend Engineer (RoR), Security Risk Management: Platform Management",Gitlab,Remote,,https://job-boards.greenhouse.io/gitlab/jobs/8174779002,2025-10-25T15:24:02.291051Z,Not Applied
"Intermediate Backend Engineer (Python), AI Framework",Gitlab,"Remote, Canada; Remote, Europe",,https://job-boards.greenhouse.io/gitlab/jobs/8144981002,2025-10-25T15:24:02.289018Z,Not Applied
"Intermediate Backend Engineer (Golang), Monitor: Platform Insights",Gitlab,"Remote, APAC",,https://job-boards.greenhouse.io/gitlab/jobs/7916259002,2025-10-25T15:24:02.287184Z,Not Applied
"Intermediate Backend Engineer (Golang), Application Security Testing: Composition Analysis",Gitlab,"Remote, EMEA; Remote, North America",,https://job-boards.greenhouse.io/gitlab/jobs/8174207002,2025-10-25T15:24:02.285611Z,Not Applied
"Customer Success Engineer, EMEA",Gitlab,"Remote, Germany; Remote, Netherlands; Remote, United Kingdom",,https://job-boards.greenhouse.io/gitlab/jobs/8173178002,2025-10-25T15:24:02.284094Z,Not Applied
"Associate Security Detection Engineer, Signals Engineering",Gitlab,"Remote, India",,https://job-boards.greenhouse.io/gitlab/jobs/8220878002,2025-10-25T15:24:02.28258Z,Not Applied
"Associate Paralegal, Privacy",Gitlab,"Remote; Remote, EMEA; Remote, US",,https://job-boards.greenhouse.io/gitlab/jobs/8211141002,2025-10-25T15:24:02.281025Z,Not Applied
Assigned Support Engineer (Australia),Gitlab,"Remote, Australia",,https://job-boards.greenhouse.io/gitlab/jobs/8160427002,2025-10-25T15:24:02.279316Z,Not Applied
AI Revenue Operations Analyst - AMER,Gitlab,"Remote, Canada; Remote, US",,https://job-boards.greenhouse.io/gitlab/jobs/8192245002,2025-10-25T15:24:02.277485Z,Not Applied
"Control Plane - Serverless Applications - Software Engineer II (Go, K8s)",Elastic,United States,,https://jobs.elastic.co/jobs?gh_jid=7228778&gh_jid=7228778,2025-10-25T15:23:57.997631Z,Not Applied
Workplace Specialist,Mongodb,New York City,,https://www.mongodb.com/careers/job/?gh_jid=7180554,2025-10-25T15:23:55.744118Z,Not Applied
"Software Engineer 3, Search Systems Replication & Routing",Mongodb,San Francisco,,https://www.mongodb.com/careers/job/?gh_jid=7235322,2025-10-25T15:23:55.742189Z,Not Applied
"Software Engineer 3, InTel",Mongodb,New York City,,https://www.mongodb.com/careers/job/?gh_jid=7248201,2025-10-25T15:23:55.740261Z,Not Applied
Site Reliability Engineer 3,Mongodb,New York City,,https://www.mongodb.com/careers/job/?gh_jid=7145126,2025-10-25T15:23:55.738213Z,Not Applied
"Product Security Engineer, Server",Mongodb,New York City; United States,,https://www.mongodb.com/careers/job/?gh_jid=7134662,2025-10-25T15:23:55.735894Z,Not Applied
"Forward Deployed Engineer, AI",Mongodb,United States,,https://www.mongodb.com/careers/job/?gh_jid=7180116,2025-10-25T15:23:55.733786Z,Not Applied
"Forward Deployed Engineer, AI",Mongodb,Austin; Boston; Chicago; New York City; San Francisco,,https://www.mongodb.com/careers/job/?gh_jid=7123769,2025-10-25T15:23:55.731948Z,Not Applied
Escalation Engineer,Mongodb,New York City; United States,,https://www.mongodb.com/careers/job/?gh_jid=7209916,2025-10-25T15:23:55.730235Z,Not Applied
AV Engineer 3,Mongodb,New York City,,https://www.mongodb.com/careers/job/?gh_jid=6966483,2025-10-25T15:23:55.728457Z,Not Applied
"2026 - Software Engineering Intern, AMER",Mongodb,Austin; New York City; Palo Alto; San Francisco; Seattle,,https://www.mongodb.com/careers/job/?gh_jid=7239454,2025-10-25T15:23:55.726562Z,Not Applied
"2026 - Security Engineering Intern, Seattle",Mongodb,Seattle,,https://www.mongodb.com/careers/job/?gh_jid=7292747,2025-10-25T15:23:55.724757Z,Not Applied
"2026 - Data Engineering Intern, NYC",Mongodb,New York City,,https://www.mongodb.com/careers/job/?gh_jid=7335939,2025-10-25T15:23:55.713243Z,Not Applied
"Sr. Software Engineer, Full Stack",Pinterest,"Mexico City, MX; Remote, MX",,https://www.pinterestcareers.com/jobs/?gh_jid=6142105,2025-10-25T15:23:52.972783Z,Not Applied
"Sr. Software Engineer, Backend",Pinterest,"Mexico City, MX; Remote, MX",,https://www.pinterestcareers.com/jobs/?gh_jid=6087228,2025-10-25T15:23:52.971354Z,Not Applied
Sr. Programmatic Tech Operations Specialist,Pinterest,"Chicago, IL, US; New York, NY, US",,https://www.pinterestcareers.com/jobs/?gh_jid=6978611,2025-10-25T15:23:52.969898Z,Not Applied
Sr. Programmatic Tech Operations Specialist,Pinterest,"Sydney, Australia",,https://www.pinterestcareers.com/jobs/?gh_jid=6978603,2025-10-25T15:23:52.968405Z,Not Applied
Sr. Programmatic Ads Sales Specialist,Pinterest,"Sydney, Australia",,https://www.pinterestcareers.com/jobs/?gh_jid=6978625,2025-10-25T15:23:52.96686Z,Not Applied
"Sr. Machine Learning Engineer, Monetization Engineering",Pinterest,"San Francisco, CA, US; Palo Alto, CA, US; Seattle, WA, US",,https://www.pinterestcareers.com/jobs/?gh_jid=6121551,2025-10-25T15:23:52.965326Z,Not Applied
"Sr. Machine Learning Engineer/Economist, Ads Marketplace",Pinterest,"San Francisco, CA, US; Palo Alto, CA, US; Seattle, WA, US",,https://www.pinterestcareers.com/jobs/?gh_jid=7195341,2025-10-25T15:23:52.963757Z,Not Applied
"Sr. Machine Learning Engineer, Computer Vision",Pinterest,"San Francisco, CA, US; Remote, US",,https://www.pinterestcareers.com/jobs/?gh_jid=6894747,2025-10-25T15:23:52.962142Z,Not Applied
"Sr Machine Learning Engineer, Applied Research Science ",Pinterest,"San Francisco, CA, US; Palo Alto, CA, US; Seattle, WA, US",,https://www.pinterestcareers.com/jobs/?gh_jid=6121464,2025-10-25T15:23:52.960617Z,Not Applied
Software Engineer Intern 2026 â€” Remote (US),Pinterest,"Remote, US",,https://www.pinterestcareers.com/jobs/?gh_jid=7202269,2025-10-25T15:23:52.959054Z,Not Applied
Software Engineer Intern 2026,Pinterest,"San Francisco, CA, US; Palo Alto, CA, US",,https://www.pinterestcareers.com/jobs/?gh_jid=7210881,2025-10-25T15:23:52.957466Z,Not Applied
Software Engineer Intern 2026,Pinterest,"Seattle, WA, US",,https://www.pinterestcareers.com/jobs/?gh_jid=7241510,2025-10-25T15:23:52.955961Z,Not Applied
" Software Engineer II, Full Stack",Pinterest,"Mexico City, MX; Remote, MX",,https://www.pinterestcareers.com/jobs/?gh_jid=6142084,2025-10-25T15:23:52.954571Z,Not Applied
"Software Engineer, Backend",Pinterest,"Mexico City, MX; Remote, MX",,https://www.pinterestcareers.com/jobs/?gh_jid=5039778,2025-10-25T15:23:52.953078Z,Not Applied
Site Reliability Engineer II,Pinterest,"Remote, US",,https://www.pinterestcareers.com/jobs/?gh_jid=4987965,2025-10-25T15:23:52.951557Z,Not Applied
"	PhD University Grad Machine Learning Engineer 2026 (USA)",Pinterest,"San Francisco, CA, US; Palo Alto, CA, US; Seattle, WA, US",,https://www.pinterestcareers.com/jobs/?gh_jid=7252807,2025-10-25T15:23:52.949891Z,Not Applied
PhD Machine Learning Internship 2026 (USA) ,Pinterest,"San Francisco, CA, US; Palo Alto, CA, US; Seattle, WA, US; New York, NY, US",,https://www.pinterestcareers.com/jobs/?gh_jid=7211004,2025-10-25T15:23:52.948137Z,Not Applied
Master's Machine Learning Internship 2026 (USA),Pinterest,"San Francisco, CA, US; Palo Alto, CA, US; Seattle, WA, US; New York, NY, US",,https://www.pinterestcareers.com/jobs/?gh_jid=7210896,2025-10-25T15:23:52.946577Z,Not Applied
Master's Data Science Internship 2026 (USA),Pinterest,"San Francisco, CA, US; Palo Alto, CA, US; Seattle, WA, US; New York, NY, US",,https://www.pinterestcareers.com/jobs/?gh_jid=7241588,2025-10-25T15:23:52.945046Z,Not Applied
"Machine Learning Engineer, Monetization Engineering",Pinterest,"San Francisco, CA, US; Palo Alto, CA, US; Seattle, WA, US",,https://www.pinterestcareers.com/jobs/?gh_jid=6121543,2025-10-25T15:23:52.943387Z,Not Applied
"Machine Learning Engineer, Core Engineering",Pinterest,"San Francisco, CA, US; Palo Alto, CA, US; Seattle, WA, US; Remote, US",,https://www.pinterestcareers.com/jobs/?gh_jid=6121450,2025-10-25T15:23:52.941618Z,Not Applied
Investor Relations Analyst,Pinterest,"San Francisco, CA, US",,https://www.pinterestcareers.com/jobs/?gh_jid=7299282,2025-10-25T15:23:52.939278Z,Not Applied
"Fullstack Engineer, Front-End",Pinterest,"Mexico City, MX; Remote, MX",,https://www.pinterestcareers.com/jobs/?gh_jid=6236569,2025-10-25T15:23:52.936731Z,Not Applied
"Compliance Specialist II, SOX Compliance",Pinterest,"San Francisco, CA, US; Remote, US",,https://www.pinterestcareers.com/jobs/?gh_jid=7264648,2025-10-25T15:23:52.924606Z,Not Applied
Workforce Project Management Analyst,Instacart,United States - Remote,,https://instacart.careers/job/?gh_jid=7217031,2025-10-25T15:23:50.752747Z,Not Applied
"Software Engineer II, Paid MarTech",Instacart," Canada - Remote (ON, AB or BC Only)",,https://instacart.careers/job/?gh_jid=6461659,2025-10-25T15:23:50.751318Z,Not Applied
"Software Engineer II-  Frontend, Core Experience ",Instacart,"Canada - Remote (ON, AB, BC, or NS Only)",,https://instacart.careers/job/?gh_jid=6907655,2025-10-25T15:23:50.749666Z,Not Applied
Software Engineer II,Instacart,"Canada - Remote (ON, AB, BC, or NS Only)",,https://instacart.careers/job/?gh_jid=6209738,2025-10-25T15:23:50.748234Z,Not Applied
Sales Operations Analyst,Instacart,United States - Remote,,https://instacart.careers/job/?gh_jid=7274590,2025-10-25T15:23:50.746421Z,Not Applied
Sales Associate,Instacart,NYC - Remote,,https://instacart.careers/job/?gh_jid=6530366,2025-10-25T15:23:50.744963Z,Not Applied
Sales Associate,Instacart,Chicago OR Denver - Remote,,https://instacart.careers/job/?gh_jid=7052991,2025-10-25T15:23:50.743469Z,Not Applied
Marketing Financial Analyst,Instacart,United States - Remote,,https://instacart.careers/job/?gh_jid=7272625,2025-10-25T15:23:50.741735Z,Not Applied
Fraud & Identity Specialist (Contract),Instacart,United States - Remote,,https://instacart.careers/job/?gh_jid=4995818,2025-10-25T15:23:50.740037Z,Not Applied
Data Analyst Contractor,Instacart,United States - Remote,,https://instacart.careers/job/?gh_jid=6803798,2025-10-25T15:23:50.738277Z,Not Applied
Business Systems Analyst II - Order to Cash (O2C),Instacart,United States - Remote,,https://instacart.careers/job/?gh_jid=7284371,2025-10-25T15:23:50.736526Z,Not Applied
UX Research Intern,Databricks,"Seattle, Washington",,https://databricks.com/company/careers/open-positions/job?gh_jid=8143590002,2025-10-25T15:23:48.305438Z,Not Applied
"Sr. Technical Marketing Engineer, Unity Catalog",Databricks,United States,,https://databricks.com/company/careers/open-positions/job?gh_jid=8027299002,2025-10-25T15:23:48.303268Z,Not Applied
"Sr. Solutions Engineer - Digital Native Business, Residency Program",Databricks,United States,,https://databricks.com/company/careers/open-positions/job?gh_jid=8111533002,2025-10-25T15:23:48.30127Z,Not Applied
"Sr. Solutions Engineer - Communications, Media, Entertainment and Gaming ",Databricks,"Chicago, Illinois",,https://databricks.com/company/careers/open-positions/job?gh_jid=8206231002,2025-10-25T15:23:48.29933Z,Not Applied
"Sr. Solutions Engineer - Communications, Media, Entertainment and Gaming ",Databricks,"New York City, New York",,https://databricks.com/company/careers/open-positions/job?gh_jid=8206229002,2025-10-25T15:23:48.297402Z,Not Applied
Sr. Solutions Engineer,Databricks,Remote - Italy,,https://databricks.com/company/careers/open-positions/job?gh_jid=8161774002,2025-10-25T15:23:48.295837Z,Not Applied
Sr. Solutions Engineer,Databricks,"Melbourne, Australia",,https://databricks.com/company/careers/open-positions/job?gh_jid=8059387002,2025-10-25T15:23:48.294203Z,Not Applied
Sr. Solutions Engineer,Databricks,Remote - California,,https://databricks.com/company/careers/open-positions/job?gh_jid=8153037002,2025-10-25T15:23:48.292533Z,Not Applied
Sr. Solutions Engineer,Databricks,"Queensland, Australia",,https://databricks.com/company/careers/open-positions/job?gh_jid=8114828002,2025-10-25T15:23:48.290918Z,Not Applied
Sr. Software Engineer - Performance ,Databricks,"San Francisco, California",,https://databricks.com/company/careers/open-positions/job?gh_jid=6569772002,2025-10-25T15:23:48.289254Z,Not Applied
Sr. Software Engineer - Backend,Databricks,"Aarhus, Denmark",,https://databricks.com/company/careers/open-positions/job?gh_jid=7643201002,2025-10-25T15:23:48.287347Z,Not Applied
Sr. Software Engineer - Applied ML,Databricks,"San Francisco, California",,https://databricks.com/company/careers/open-positions/job?gh_jid=7276195002,2025-10-25T15:23:48.285162Z,Not Applied
"Sr Security Engineer, Incident Response",Databricks,United States,,https://databricks.com/company/careers/open-positions/job?gh_jid=8153870002,2025-10-25T15:23:48.283738Z,Not Applied
Sr Security Assurance Engineer,Databricks,Remote - India,,https://databricks.com/company/careers/open-positions/job?gh_jid=8221756002,2025-10-25T15:23:48.281874Z,Not Applied
Sr. GTM Analytics Engineer,Databricks,"San Francisco, California",,https://databricks.com/company/careers/open-positions/job?gh_jid=8177753002,2025-10-25T15:23:48.280095Z,Not Applied
Sr. Financial Analyst,Databricks,"Mountain View, California; San Francisco, California",,https://databricks.com/company/careers/open-positions/job?gh_jid=8122924002,2025-10-25T15:23:48.278302Z,Not Applied
Sr. Executive & Equity Compensation Analyst,Databricks,"Mountain View, California; San Francisco, California",,https://databricks.com/company/careers/open-positions/job?gh_jid=8024692002,2025-10-25T15:23:48.276583Z,Not Applied
Sr. Delivery Solutions Engineer - Digital Native Business,Databricks,United States,,https://databricks.com/company/careers/open-positions/job?gh_jid=8158616002,2025-10-25T15:23:48.274722Z,Not Applied
Sr. Big Data Engineer,Databricks,Remote - India,,https://databricks.com/company/careers/open-positions/job?gh_jid=7968899002,2025-10-25T15:23:48.272718Z,Not Applied
Software Engineer - Systems PhD Candidates ,Databricks,"Bellevue, Washington; Seattle, Washington",,https://databricks.com/company/careers/open-positions/job?gh_jid=7649293002,2025-10-25T15:23:48.270968Z,Not Applied
Software Engineer -  Systems PhD Candidates,Databricks,"Mountain View, California; San Francisco, California",,https://databricks.com/company/careers/open-positions/job?gh_jid=6875433002,2025-10-25T15:23:48.269116Z,Not Applied
Software Engineer - New Grad (2026 Start) - Aarhus,Databricks,"Aarhus, Denmark",,https://databricks.com/company/careers/open-positions/job?gh_jid=8133691002,2025-10-25T15:23:48.266968Z,Not Applied
Software Engineer - New Grad (2026 Start),Databricks,"Bellevue, Washington; Mountain View, California; San Francisco, California; Vancouver, Canada",,https://databricks.com/company/careers/open-positions/job?gh_jid=6865698002,2025-10-25T15:23:48.265186Z,Not Applied
Software Engineering Intern (2026 Start) - Aarhus,Databricks,"Aarhus, Denmark",,https://databricks.com/company/careers/open-positions/job?gh_jid=8133710002,2025-10-25T15:23:48.261442Z,Not Applied
Software Engineering Intern (2026),Databricks,"Bellevue, Washington; Mountain View, California; San Francisco, California; Vancouver, Canada",,https://databricks.com/company/careers/open-positions/job?gh_jid=6865687002,2025-10-25T15:23:48.259736Z,Not Applied
Software Engineer - GenAI inference ,Databricks,"San Francisco, California",,https://databricks.com/company/careers/open-positions/job?gh_jid=8202670002,2025-10-25T15:23:48.258098Z,Not Applied
Software Engineer - Backend,Databricks,"Aarhus, Denmark",,https://databricks.com/company/careers/open-positions/job?gh_jid=7737233002,2025-10-25T15:23:48.256349Z,Not Applied
Protective Intelligence Analyst,Databricks,"London, United Kingdom; Mountain View, California; New York City, New York; San Francisco, California; Washington, D.C.",,https://databricks.com/company/careers/open-positions/job?gh_jid=7903890002,2025-10-25T15:23:48.254464Z,Not Applied
Product Security Engineer,Databricks,United States,,https://databricks.com/company/careers/open-positions/job?gh_jid=8026646002,2025-10-25T15:23:48.252412Z,Not Applied
Product Management Intern (Summer 2026),Databricks,"Bellevue, Washington; Mountain View, California; San Francisco, California",,https://databricks.com/company/careers/open-positions/job?gh_jid=6883068002,2025-10-25T15:23:48.250332Z,Not Applied
Product Design Intern,Databricks,"Seattle, Washington",,https://databricks.com/company/careers/open-positions/job?gh_jid=8143588002,2025-10-25T15:23:48.248281Z,Not Applied
"Product Designer, Workspace Developer Experience",Databricks,"Seattle, Washington",,https://databricks.com/company/careers/open-positions/job?gh_jid=7934462002,2025-10-25T15:23:48.246138Z,Not Applied
"Product Designer, Workspace Developer Experience",Databricks,"San Francisco, California",,https://databricks.com/company/careers/open-positions/job?gh_jid=7930554002,2025-10-25T15:23:48.243879Z,Not Applied
Physical Security Engineer,Databricks,"Mountain View, California; San Francisco, California",,https://databricks.com/company/careers/open-positions/job?gh_jid=7993207002,2025-10-25T15:23:48.241856Z,Not Applied
PhD GenAI Research Scientist Intern,Databricks,"San Francisco, California",,https://databricks.com/company/careers/open-positions/job?gh_jid=7011263002,2025-10-25T15:23:48.239739Z,Not Applied
Forward Deployed Engineer (FDE),Databricks,United States,,https://databricks.com/company/careers/open-positions/job?gh_jid=8216469002,2025-10-25T15:23:48.237749Z,Not Applied
Ecosystem Sales Associate,Databricks,"New York City, New York",,https://databricks.com/company/careers/open-positions/job?gh_jid=8081025002,2025-10-25T15:23:48.235551Z,Not Applied
Developer Advocate - Neon,Databricks,"San Francisco, California",,https://databricks.com/company/careers/open-positions/job?gh_jid=8124845002,2025-10-25T15:23:48.233138Z,Not Applied
Developer Advocate - Neon,Databricks,"San Francisco, California",,https://databricks.com/company/careers/open-positions/job?gh_jid=8124849002,2025-10-25T15:23:48.230847Z,Not Applied
Data Scientist - New Grad (2026 Start),Databricks,"Mountain View, California; San Francisco, California",,https://databricks.com/company/careers/open-positions/job?gh_jid=6866554002,2025-10-25T15:23:48.228389Z,Not Applied
Data Science Intern (2026 Start),Databricks,"Mountain View, California; San Francisco, California",,https://databricks.com/company/careers/open-positions/job?gh_jid=6866538002,2025-10-25T15:23:48.226106Z,Not Applied
"Analyst, Strategy & Execution",Databricks,"Mountain View, California; San Francisco, California",,https://databricks.com/company/careers/open-positions/job?gh_jid=8186070002,2025-10-25T15:23:48.22397Z,Not Applied
AI Engineer - FDE (Forward Deployed Engineer),Databricks,United States,,https://databricks.com/company/careers/open-positions/job?gh_jid=8024010002,2025-10-25T15:23:48.221755Z,Not Applied
AI Engineer - FDE (Forward Deployed Engineer),Databricks,Remote - India,,https://databricks.com/company/careers/open-positions/job?gh_jid=8099751002,2025-10-25T15:23:48.21906Z,Not Applied
AI Engineer - FDE (Forward Deployed Engineer),Databricks,Remote - France; Remote - Germany; Remote - Netherlands; Remote - United Kingdom,,https://databricks.com/company/careers/open-positions/job?gh_jid=8207123002,2025-10-25T15:23:48.206163Z,Not Applied
Strategic Sales Engineer,Rubrik,San Francisco Bay Area,,https://www.rubrik.com/company/careers/departments/job.6942780?gh_jid=6942780,2025-10-25T15:23:45.934374Z,Not Applied
"Sr. Sales Engineer, GA geor",Rubrik,"Atlanta, Georgia ",,https://www.rubrik.com/company/careers/departments/job.7175919?gh_jid=7175919,2025-10-25T15:23:45.932574Z,Not Applied
" Sr. Sales Engineer, Federal Civilian ",Rubrik,"Washington, DC, Remote",,https://www.rubrik.com/company/careers/departments/job.6925577?gh_jid=6925577,2025-10-25T15:23:45.930761Z,Not Applied
"Software Engineer - SaaS, Cloud & EDP",Rubrik,"US -Palo Alto, CA ",,https://www.rubrik.com/company/careers/departments/job.7344808?gh_jid=7344808,2025-10-25T15:23:45.928945Z,Not Applied
"Sales Engineer, Cloud Product Line Specialist",Rubrik,Western US,,https://www.rubrik.com/company/careers/departments/job.6988304?gh_jid=6988304,2025-10-25T15:23:45.927052Z,Not Applied
"Sales Engineer, Cloud Product Line Specialist",Rubrik,Western United States,,https://www.rubrik.com/company/careers/departments/job.7128542?gh_jid=7128542,2025-10-25T15:23:45.925188Z,Not Applied
GTM Operations Analyst,Rubrik,"Austin, TX",,https://www.rubrik.com/company/careers/departments/job.7339721?gh_jid=7339721,2025-10-25T15:23:45.922912Z,Not Applied
Enterprise Sales Engineer,Rubrik,"Seattle, WA",,https://www.rubrik.com/company/careers/departments/job.7287781?gh_jid=7287781,2025-10-25T15:23:45.920603Z,Not Applied
AI Sales Engineer,Rubrik,"Chicago, IL",,https://www.rubrik.com/company/careers/departments/job.7301696?gh_jid=7301696,2025-10-25T15:23:45.918592Z,Not Applied
User Researcher Intern,Coinbase,Hybrid - San Francisco,,https://www.coinbase.com/careers/positions/7269775?gh_jid=7269775,2025-10-25T15:23:43.708972Z,Not Applied
Transaction Monitoring Compliance QA Analyst IV,Coinbase,Remote - UK,,https://www.coinbase.com/careers/positions/7140861?gh_jid=7140861,2025-10-25T15:23:43.707041Z,Not Applied
TMS Compliance QA Analyst IV,Coinbase,Remote - USA,,https://www.coinbase.com/careers/positions/7128918?gh_jid=7128918,2025-10-25T15:23:43.705723Z,Not Applied
TMS Compliance Analyst 4,Coinbase,Remote - UK,,https://www.coinbase.com/careers/positions/7078159?gh_jid=7078159,2025-10-25T15:23:43.704561Z,Not Applied
TMS Compliance Analyst 4,Coinbase,Remote - Ireland,,https://www.coinbase.com/careers/positions/7078204?gh_jid=7078204,2025-10-25T15:23:43.703461Z,Not Applied
Tax Operations Intern,Coinbase,"Hybrid - New York, NY",,https://www.coinbase.com/careers/positions/7317491?gh_jid=7317491,2025-10-25T15:23:43.702351Z,Not Applied
Tax Information Reporting Intern,Coinbase,"Hybrid - New York, NY",,https://www.coinbase.com/careers/positions/7317551?gh_jid=7317551,2025-10-25T15:23:43.701179Z,Not Applied
Talent Density Program Intern,Coinbase,"Hybrid - New York, NY",,https://www.coinbase.com/careers/positions/7317503?gh_jid=7317503,2025-10-25T15:23:43.700134Z,Not Applied
Strategic Sourcing Intern,Coinbase,"Hybrid - New York, NY",,https://www.coinbase.com/careers/positions/7315887?gh_jid=7315887,2025-10-25T15:23:43.699013Z,Not Applied
"Software Engineer, Security",Coinbase,Remote - Canada,,https://www.coinbase.com/careers/positions/7348433?gh_jid=7348433,2025-10-25T15:23:43.697677Z,Not Applied
"Software Engineer, Security",Coinbase,Remote - USA,,https://www.coinbase.com/careers/positions/7348432?gh_jid=7348432,2025-10-25T15:23:43.696433Z,Not Applied
"Software Engineer, Machine Learning Platform Engineer (Platform)",Coinbase,Remote - USA,,https://www.coinbase.com/careers/positions/7311430?gh_jid=7311430,2025-10-25T15:23:43.695363Z,Not Applied
"Software Engineer, Machine Learning Platform Engineer ",Coinbase,Remote - USA,,https://www.coinbase.com/careers/positions/7137833?gh_jid=7137833,2025-10-25T15:23:43.694276Z,Not Applied
Software Engineer Intern,Coinbase,"Hybrid - New York, NY; Hybrid - San Francisco",,https://www.coinbase.com/careers/positions/7268895?gh_jid=7268895,2025-10-25T15:23:43.693137Z,Not Applied
Software Engineer Intern,Coinbase,Remote - India,,https://www.coinbase.com/careers/positions/7294082?gh_jid=7294082,2025-10-25T15:23:43.691973Z,Not Applied
"Software Engineer, Infrastructure ( Platform DevX - Cloud Provisioning)",Coinbase,Remote - USA,,https://www.coinbase.com/careers/positions/5949636?gh_jid=5949636,2025-10-25T15:23:43.690861Z,Not Applied
"Software Engineer, Infrastructure (Platform Developer Experience - Release)",Coinbase,Remote - USA,,https://www.coinbase.com/careers/positions/6423028?gh_jid=6423028,2025-10-25T15:23:43.689669Z,Not Applied
"Software Engineer, Infrastructure - Platform (Compute)",Coinbase,Remote - USA,,https://www.coinbase.com/careers/positions/6305997?gh_jid=6305997,2025-10-25T15:23:43.688368Z,Not Applied
"Software Engineer, Infrastructure - Platform (Compute)",Coinbase,Remote - Canada,,https://www.coinbase.com/careers/positions/6305998?gh_jid=6305998,2025-10-25T15:23:43.686845Z,Not Applied
"Software Engineer, Full Stack (EAA)",Coinbase,Remote - USA,,https://www.coinbase.com/careers/positions/6652031?gh_jid=6652031,2025-10-25T15:23:43.685647Z,Not Applied
"Software Engineer, Frontend (Trust and Loyalty)",Coinbase,Remote - Canada,,https://www.coinbase.com/careers/positions/6204422?gh_jid=6204422,2025-10-25T15:23:43.68456Z,Not Applied
"Software Engineer, Frontend - Risk Platform ",Coinbase,Remote - USA,,https://www.coinbase.com/careers/positions/7289100?gh_jid=7289100,2025-10-25T15:23:43.683469Z,Not Applied
"Software Engineer, Frontend - Risk Platform ",Coinbase,Remote - Canada,,https://www.coinbase.com/careers/positions/7288968?gh_jid=7288968,2025-10-25T15:23:43.682172Z,Not Applied
"Software Engineer, Frontend - Developer Experience",Coinbase,Remote - USA,,https://www.coinbase.com/careers/positions/7075489?gh_jid=7075489,2025-10-25T15:23:43.680859Z,Not Applied
"Software Engineer, Frontend (Consumer - Trust and Loyalty)",Coinbase,Remote - USA,,https://www.coinbase.com/careers/positions/5948954?gh_jid=5948954,2025-10-25T15:23:43.679508Z,Not Applied
"Software Engineer, Frontend (Consumer - Trading)",Coinbase,Remote - USA,,https://www.coinbase.com/careers/positions/6821664?gh_jid=6821664,2025-10-25T15:23:43.67789Z,Not Applied
"Software Engineer, Frontend - Consumer Products ",Coinbase,Remote - Canada,,https://www.coinbase.com/careers/positions/5961369?gh_jid=5961369,2025-10-25T15:23:43.676061Z,Not Applied
"Software Engineer, Frontend (Consumer - Growth)",Coinbase,Remote - Canada,,https://www.coinbase.com/careers/positions/6652883?gh_jid=6652883,2025-10-25T15:23:43.674457Z,Not Applied
"Software Engineer, Frontend (Consumer - Coinbase One)",Coinbase,Remote - USA,,https://www.coinbase.com/careers/positions/7135192?gh_jid=7135192,2025-10-25T15:23:43.672701Z,Not Applied
"Software Engineer, Frontend (Coinbase One)",Coinbase,Remote - Canada,,https://www.coinbase.com/careers/positions/6222470?gh_jid=6222470,2025-10-25T15:23:43.671064Z,Not Applied
"Software Engineer, Frontend - Canada POD",Coinbase,Remote - Canada,,https://www.coinbase.com/careers/positions/5961235?gh_jid=5961235,2025-10-25T15:23:43.669488Z,Not Applied
"Software Engineer, Frontend (Advanced Trading Team) ",Coinbase,Remote - Singapore,,https://www.coinbase.com/careers/positions/7351678?gh_jid=7351678,2025-10-25T15:23:43.667861Z,Not Applied
"Software Engineer, Frontend",Coinbase,Remote - Singapore,,https://www.coinbase.com/careers/positions/6893916?gh_jid=6893916,2025-10-25T15:23:43.66626Z,Not Applied
"Software Engineer, Blockchain Platform (Staking Validators)",Coinbase,Remote - USA,,https://www.coinbase.com/careers/positions/7114605?gh_jid=7114605,2025-10-25T15:23:43.664715Z,Not Applied
"Software Engineer, Blockchain Platform (Staking Validators)",Coinbase,Remote - Canada,,https://www.coinbase.com/careers/positions/7338853?gh_jid=7338853,2025-10-25T15:23:43.663062Z,Not Applied
"Software Engineer, Backend (Platform - Identity)",Coinbase,Remote - USA,,https://www.coinbase.com/careers/positions/5948429?gh_jid=5948429,2025-10-25T15:23:43.66119Z,Not Applied
"Software Engineer, Backend (Institutional - Staking)",Coinbase,Remote - USA,,https://www.coinbase.com/careers/positions/6739213?gh_jid=6739213,2025-10-25T15:23:43.659582Z,Not Applied
"Software Engineer, Backend - Institutional Product Group",Coinbase,Remote - USA,,https://www.coinbase.com/careers/positions/7226106?gh_jid=7226106,2025-10-25T15:23:43.658027Z,Not Applied
"Software Engineer, Backend (Institutional - Markets, Derivatives)",Coinbase,Remote - USA,,https://www.coinbase.com/careers/positions/6968491?gh_jid=6968491,2025-10-25T15:23:43.656412Z,Not Applied
"Software Engineer, Backend (Institutional - Financing)",Coinbase,Remote - USA,,https://www.coinbase.com/careers/positions/6886015?gh_jid=6886015,2025-10-25T15:23:43.65491Z,Not Applied
"Software Engineer, Backend - Financial Hub",Coinbase,Remote - USA,,https://www.coinbase.com/careers/positions/7009446?gh_jid=7009446,2025-10-25T15:23:43.65305Z,Not Applied
"Software Engineer, Backend - DevX Server Foundations",Coinbase,Remote - USA,,https://www.coinbase.com/careers/positions/7097428?gh_jid=7097428,2025-10-25T15:23:43.651213Z,Not Applied
"Software Engineer, Backend  (Consumer - Trading)",Coinbase,Remote - Canada,,https://www.coinbase.com/careers/positions/6869392?gh_jid=6869392,2025-10-25T15:23:43.649141Z,Not Applied
"Software Engineer, Backend  (Consumer - Trading)",Coinbase,Remote - USA,,https://www.coinbase.com/careers/positions/6812261?gh_jid=6812261,2025-10-25T15:23:43.647278Z,Not Applied
"Software Engineer, Backend (Consumer - Stablecoin)",Coinbase,Remote - USA,,https://www.coinbase.com/careers/positions/5948501?gh_jid=5948501,2025-10-25T15:23:43.645167Z,Not Applied
"Software Engineer, Backend (Consumer - Stablecoin)",Coinbase,Remote - Canada,,https://www.coinbase.com/careers/positions/6570379?gh_jid=6570379,2025-10-25T15:23:43.641616Z,Not Applied
"Software Engineer, Backend - (Consumer - Products)",Coinbase,Remote - Canada,,https://www.coinbase.com/careers/positions/5961451?gh_jid=5961451,2025-10-25T15:23:43.63997Z,Not Applied
"Software Engineer, Backend (Consumer - Growth)",Coinbase,Remote - Canada,,https://www.coinbase.com/careers/positions/6650921?gh_jid=6650921,2025-10-25T15:23:43.638205Z,Not Applied
"Software Engineer, Backend  (Consumer - Growth)",Coinbase,Remote - USA,,https://www.coinbase.com/careers/positions/6650914?gh_jid=6650914,2025-10-25T15:23:43.636312Z,Not Applied
"Software Engineer, Backend (Consumer - Coinbase One)",Coinbase,Remote - USA,,https://www.coinbase.com/careers/positions/7135188?gh_jid=7135188,2025-10-25T15:23:43.634842Z,Not Applied
"Software Engineer, Backend  (Consumer - Coinbase Card)",Coinbase,Remote - USA,,https://www.coinbase.com/careers/positions/6535287?gh_jid=6535287,2025-10-25T15:23:43.633308Z,Not Applied
"Software Engineer, Backend - Blockchain Platform (Wallets)",Coinbase,Remote - USA,,https://www.coinbase.com/careers/positions/7326905?gh_jid=7326905,2025-10-25T15:23:43.631726Z,Not Applied
"Software Engineer, Backend - Blockchain Platform (Wallets)",Coinbase,Remote - Canada,,https://www.coinbase.com/careers/positions/7316840?gh_jid=7316840,2025-10-25T15:23:43.629815Z,Not Applied
"Software Engineer, Backend - Blockchain Platform (Tracer Team)",Coinbase,Remote - USA,,https://www.coinbase.com/careers/positions/7338809?gh_jid=7338809,2025-10-25T15:23:43.627965Z,Not Applied
"Software Engineer, Backend - Blockchain Platform (Tracer Team)",Coinbase,Remote - Canada,,https://www.coinbase.com/careers/positions/7338795?gh_jid=7338795,2025-10-25T15:23:43.626123Z,Not Applied
" Software Engineer, Backend - Blockchain Platform (Staking Platform)",Coinbase,Remote - USA,,https://www.coinbase.com/careers/positions/7094719?gh_jid=7094719,2025-10-25T15:23:43.624662Z,Not Applied
"Software Engineer, Backend - Blockchain Platform (Staking Data)",Coinbase,Remote - Canada,,https://www.coinbase.com/careers/positions/7337063?gh_jid=7337063,2025-10-25T15:23:43.623086Z,Not Applied
"Software Engineer, Backend - Blockchain Platform (Staking Data)",Coinbase,Remote - USA,,https://www.coinbase.com/careers/positions/7337062?gh_jid=7337062,2025-10-25T15:23:43.621077Z,Not Applied
"Software Engineer, Backend - Blockchain Platform (Blockchain Enablement)",Coinbase,Remote - USA,,https://www.coinbase.com/careers/positions/7233872?gh_jid=7233872,2025-10-25T15:23:43.618995Z,Not Applied
"Software Engineer, Backend - Blockchain Platform (Blockchain Data Platform)",Coinbase,Remote - USA,,https://www.coinbase.com/careers/positions/7088264?gh_jid=7088264,2025-10-25T15:23:43.616755Z,Not Applied
"Software Engineer, Backend - Blockchain Platform (Blockchain Data Platform)",Coinbase,Remote - Canada,,https://www.coinbase.com/careers/positions/7059316?gh_jid=7059316,2025-10-25T15:23:43.614819Z,Not Applied
"Software Engineer, Backend - Blockchain Platform ",Coinbase,Remote - Canada,,https://www.coinbase.com/careers/positions/7059313?gh_jid=7059313,2025-10-25T15:23:43.612831Z,Not Applied
"Software Engineer, Backend - Blockchain Platform ",Coinbase,Remote - USA,,https://www.coinbase.com/careers/positions/7059317?gh_jid=7059317,2025-10-25T15:23:43.610802Z,Not Applied
"Software Engineer, Backend - AI Tools DevX",Coinbase,Remote - USA,,https://www.coinbase.com/careers/positions/7075311?gh_jid=7075311,2025-10-25T15:23:43.609023Z,Not Applied
Software Engineer,Coinbase,Remote - USA,,https://www.coinbase.com/careers/positions/6233713?gh_jid=6233713,2025-10-25T15:23:43.607165Z,Not Applied
"Sales, Trading, & Prime Intern",Coinbase,"Hybrid - New York, NY",,https://www.coinbase.com/careers/positions/7309371?gh_jid=7309371,2025-10-25T15:23:43.604872Z,Not Applied
Real Estate & Builds Intern,Coinbase,"Hybrid - New York, NY",,https://www.coinbase.com/careers/positions/7308758?gh_jid=7308758,2025-10-25T15:23:43.602938Z,Not Applied
Product Marketing Intern,Coinbase,"Hybrid - New York, NY",,https://www.coinbase.com/careers/positions/7336645?gh_jid=7336645,2025-10-25T15:23:43.600398Z,Not Applied
Product Design Intern,Coinbase,Hybrid - San Francisco,,https://www.coinbase.com/careers/positions/7325051?gh_jid=7325051,2025-10-25T15:23:43.597785Z,Not Applied
Policy Intern,Coinbase,Remote - UK,,https://www.coinbase.com/careers/positions/7322262?gh_jid=7322262,2025-10-25T15:23:43.595998Z,Not Applied
Payments Risk Intern,Coinbase,"Hybrid - New York, NY",,https://www.coinbase.com/careers/positions/7318455?gh_jid=7318455,2025-10-25T15:23:43.594472Z,Not Applied
Onchain Data Analyst & Researcher,Coinbase,Remote - USA,,https://www.coinbase.com/careers/positions/6863656?gh_jid=6863656,2025-10-25T15:23:43.592504Z,Not Applied
"Offensive Security Engineer, Assessments (Web3)",Coinbase,Remote - USA,,https://www.coinbase.com/careers/positions/6995309?gh_jid=6995309,2025-10-25T15:23:43.590499Z,Not Applied
Machine Learning Engineer Intern,Coinbase,Hybrid - San Francisco,,https://www.coinbase.com/careers/positions/7294075?gh_jid=7294075,2025-10-25T15:23:43.588495Z,Not Applied
Internal Audit IT Analyst,Coinbase,Remote - USA,,https://www.coinbase.com/careers/positions/7255828?gh_jid=7255828,2025-10-25T15:23:43.586723Z,Not Applied
Internal Audit Intern,Coinbase,"Hybrid - New York, NY",,https://www.coinbase.com/careers/positions/7309401?gh_jid=7309401,2025-10-25T15:23:43.585064Z,Not Applied
Internal Audit Intern,Coinbase,Remote - Luxembourg; Remote - UK,,https://www.coinbase.com/careers/positions/7322937?gh_jid=7322937,2025-10-25T15:23:43.583326Z,Not Applied
Institutional Sales Associate,Coinbase,Remote - USA,,https://www.coinbase.com/careers/positions/7235232?gh_jid=7235232,2025-10-25T15:23:43.5818Z,Not Applied
HR M&A Intern,Coinbase,"Hybrid - New York, NY",,https://www.coinbase.com/careers/positions/7308793?gh_jid=7308793,2025-10-25T15:23:43.580402Z,Not Applied
FP&A Intern,Coinbase,"Hybrid - New York, NY",,https://www.coinbase.com/careers/positions/7309375?gh_jid=7309375,2025-10-25T15:23:43.57883Z,Not Applied
Finance Operations Intern,Coinbase,"Hybrid - New York, NY",,https://www.coinbase.com/careers/positions/7309381?gh_jid=7309381,2025-10-25T15:23:43.577004Z,Not Applied
Finance Operations Intern,Coinbase,Remote - Ireland,,https://www.coinbase.com/careers/positions/7323540?gh_jid=7323540,2025-10-25T15:23:43.575402Z,Not Applied
Employee & Workplace Experience Intern,Coinbase,"Hybrid - New York, NY",,https://www.coinbase.com/careers/positions/7307242?gh_jid=7307242,2025-10-25T15:23:43.573838Z,Not Applied
EDD Compliance QA Analyst IV,Coinbase,Remote - UK,,https://www.coinbase.com/careers/positions/7140867?gh_jid=7140867,2025-10-25T15:23:43.572176Z,Not Applied
Data Science Intern,Coinbase,"Hybrid - New York, NY",,https://www.coinbase.com/careers/positions/7309504?gh_jid=7309504,2025-10-25T15:23:43.570452Z,Not Applied
Data Engineer Intern,Coinbase,"Hybrid - New York, NY",,https://www.coinbase.com/careers/positions/7309526?gh_jid=7309526,2025-10-25T15:23:43.568717Z,Not Applied
CX Incident and Bug Analyst III,Coinbase,Remote - USA,,https://www.coinbase.com/careers/positions/7302348?gh_jid=7302348,2025-10-25T15:23:43.566779Z,Not Applied
CX Incident and Bug Analyst,Coinbase,Remote - Singapore,,https://www.coinbase.com/careers/positions/7300810?gh_jid=7300810,2025-10-25T15:23:43.564614Z,Not Applied
Credit Risk Intern,Coinbase,"Hybrid - New York, NY",,https://www.coinbase.com/careers/positions/7343003?gh_jid=7343003,2025-10-25T15:23:43.562596Z,Not Applied
Creator Marketing Intern,Coinbase,"Hybrid - New York, NY",,https://www.coinbase.com/careers/positions/7336641?gh_jid=7336641,2025-10-25T15:23:43.560893Z,Not Applied
Creative Studio Marketing Intern,Coinbase,"Hybrid - New York, NY",,https://www.coinbase.com/careers/positions/7336618?gh_jid=7336618,2025-10-25T15:23:43.559108Z,Not Applied
Compliance QA Analyst III,Coinbase,Remote - Ireland,,https://www.coinbase.com/careers/positions/7336532?gh_jid=7336532,2025-10-25T15:23:43.55706Z,Not Applied
Complaints Analyst III,Coinbase,Remote - Luxembourg,,https://www.coinbase.com/careers/positions/7182062?gh_jid=7182062,2025-10-25T15:23:43.555274Z,Not Applied
Complaints Analyst III,Coinbase,Remote - Canada,,https://www.coinbase.com/careers/positions/7227285?gh_jid=7227285,2025-10-25T15:23:43.553314Z,Not Applied
"Associate, Prime Operations",Coinbase,Remote - USA,,https://www.coinbase.com/careers/positions/7271649?gh_jid=7271649,2025-10-25T15:23:43.551395Z,Not Applied
"Associate General Counsel, Institutional Legal",Coinbase,Remote - UK,,https://www.coinbase.com/careers/positions/7258574?gh_jid=7258574,2025-10-25T15:23:43.549357Z,Not Applied
"Associate General Counsel, Institutional",Coinbase,Remote - USA,,https://www.coinbase.com/careers/positions/7254504?gh_jid=7254504,2025-10-25T15:23:43.547162Z,Not Applied
"Associate, Corporate Development (Integration)",Coinbase,Remote - USA,,https://www.coinbase.com/careers/positions/6932070?gh_jid=6932070,2025-10-25T15:23:43.544418Z,Not Applied
"Associate, Base Ecosystem",Coinbase,Remote - USA,,https://www.coinbase.com/careers/positions/7244052?gh_jid=7244052,2025-10-25T15:23:43.541853Z,Not Applied
Analytics Engineer Intern,Coinbase,"Hybrid - New York, NY",,https://www.coinbase.com/careers/positions/7309530?gh_jid=7309530,2025-10-25T15:23:43.538964Z,Not Applied
"Analyst, Tech Controls",Coinbase,Remote - USA,,https://www.coinbase.com/careers/positions/6105978?gh_jid=6105978,2025-10-25T15:23:43.536985Z,Not Applied
"Strategic Finance Analyst II (Revenue, SMB)",Affirm,Remote Canada,,https://job-boards.greenhouse.io/affirm/jobs/7486153003,2025-10-25T15:23:39.831547Z,Not Applied
"Strategic Finance Analyst II (Revenue, SMB)",Affirm,Remote US,,https://job-boards.greenhouse.io/affirm/jobs/7486151003,2025-10-25T15:23:39.829564Z,Not Applied
"Strategic Finance Analyst II (Revenue, Marketplace)",Affirm,Remote Canada,,https://job-boards.greenhouse.io/affirm/jobs/7486157003,2025-10-25T15:23:39.827541Z,Not Applied
"Strategic Finance Analyst II (Revenue, Marketplace)",Affirm,Remote US,,https://job-boards.greenhouse.io/affirm/jobs/7486155003,2025-10-25T15:23:39.825786Z,Not Applied
Strategic Finance Analyst II (Cloud Spend),Affirm,Remote US,,https://job-boards.greenhouse.io/affirm/jobs/6688863003,2025-10-25T15:23:39.824001Z,Not Applied
"Software Engineer II, Frontend (Checkout Experience International)",Affirm,Remote Spain,,https://job-boards.greenhouse.io/affirm/jobs/6688434003,2025-10-25T15:23:39.822184Z,Not Applied
"Software Engineer II, Frontend (Checkout Experience International)",Affirm,Remote Poland,,https://job-boards.greenhouse.io/affirm/jobs/6688436003,2025-10-25T15:23:39.820606Z,Not Applied
"Software Engineer II, Backend (Platform Reliability)  ",Affirm,Remote Poland,,https://job-boards.greenhouse.io/affirm/jobs/6686520003,2025-10-25T15:23:39.818931Z,Not Applied
"Software Engineer II, Backend (Platform Reliability)  ",Affirm,Remote Spain,,https://job-boards.greenhouse.io/affirm/jobs/6686518003,2025-10-25T15:23:39.817061Z,Not Applied
"Software Engineer II, Backend (Money Movement)",Affirm,"Chicago, Illinois, United States; Remote US",,https://job-boards.greenhouse.io/affirm/jobs/7443040003,2025-10-25T15:23:39.815521Z,Not Applied
"Software Engineer II, Backend (Furnishing Platform)",Affirm,Remote Poland,,https://job-boards.greenhouse.io/affirm/jobs/6993317003,2025-10-25T15:23:39.813929Z,Not Applied
"Software Engineer II, Backend (Furnishing Platform)",Affirm,Remote Spain,,https://job-boards.greenhouse.io/affirm/jobs/6993315003,2025-10-25T15:23:39.812121Z,Not Applied
"Software Engineer II, Back-end (Financial Platforms Engineering)",Affirm,Remote Poland,,https://job-boards.greenhouse.io/affirm/jobs/6937024003,2025-10-25T15:23:39.81034Z,Not Applied
"Software Engineer II, Back-end (Financial Platforms Engineering)",Affirm,Remote Spain,,https://job-boards.greenhouse.io/affirm/jobs/6937026003,2025-10-25T15:23:39.808624Z,Not Applied
"Software Engineer II, Backend (Financial Platforms)",Affirm,Remote Poland,,https://job-boards.greenhouse.io/affirm/jobs/7119444003,2025-10-25T15:23:39.806628Z,Not Applied
"Software Engineer II, Backend (Financial Platforms)",Affirm,Remote Spain,,https://job-boards.greenhouse.io/affirm/jobs/7119446003,2025-10-25T15:23:39.804661Z,Not Applied
"Software Engineer II, Backend (CI/CD)",Affirm,Remote US,,https://job-boards.greenhouse.io/affirm/jobs/7497148003,2025-10-25T15:23:39.802632Z,Not Applied
"Software Engineer II, Backend (CI/CD)",Affirm,Remote Canada,,https://job-boards.greenhouse.io/affirm/jobs/7497150003,2025-10-25T15:23:39.800755Z,Not Applied
"Software Engineer II, Backend (Checkout)",Affirm,Remote Canada,,https://job-boards.greenhouse.io/affirm/jobs/6781882003,2025-10-25T15:23:39.798881Z,Not Applied
Software Engineer,Affirm,Remote US,,https://job-boards.greenhouse.io/affirm/jobs/7499741003,2025-10-25T15:23:39.796688Z,Not Applied
Quantitative Analyst II,Affirm,Remote US,,https://job-boards.greenhouse.io/affirm/jobs/7386523003,2025-10-25T15:23:39.794674Z,Not Applied
Internal Events Specialist,Affirm,Remote Canada,,https://job-boards.greenhouse.io/affirm/jobs/7141645003,2025-10-25T15:23:39.792687Z,Not Applied
Internal Events Specialist,Affirm,Remote US,,https://job-boards.greenhouse.io/affirm/jobs/7141643003,2025-10-25T15:23:39.790623Z,Not Applied
"Distinguished Software Engineer, Architecture (Infrastructure)",Affirm,Remote US,,https://job-boards.greenhouse.io/affirm/jobs/7479697003,2025-10-25T15:23:39.788741Z,Not Applied
"Distinguished Software Engineer, Architecture (Infrastructure)",Affirm,Remote Canada,,https://job-boards.greenhouse.io/affirm/jobs/7479699003,2025-10-25T15:23:39.786744Z,Not Applied
"Distinguished Software Engineer, Architecture (Checkout)",Affirm,Remote US,,https://job-boards.greenhouse.io/affirm/jobs/6628106003,2025-10-25T15:23:39.785294Z,Not Applied
"Distinguished Software Engineer, Architecture (Checkout)",Affirm,Remote Canada,,https://job-boards.greenhouse.io/affirm/jobs/6628108003,2025-10-25T15:23:39.783453Z,Not Applied
"Compliance Analyst I, Complaints Risk Oversight",Affirm,Remote US,,https://job-boards.greenhouse.io/affirm/jobs/7478372003,2025-10-25T15:23:39.781577Z,Not Applied
"Analyst II, Growth Analytics (Checkout) ",Affirm,Remote Canada,,https://job-boards.greenhouse.io/affirm/jobs/7491118003,2025-10-25T15:23:39.77958Z,Not Applied
"Analyst II, Full Stack",Affirm,Remote Poland,,https://job-boards.greenhouse.io/affirm/jobs/7175622003,2025-10-25T15:23:39.777732Z,Not Applied
"Analyst II, Full Stack",Affirm,Remote US,,https://job-boards.greenhouse.io/affirm/jobs/7499981003,2025-10-25T15:23:39.775829Z,Not Applied
"Analyst II, Full Stack",Affirm,Remote US,,https://job-boards.greenhouse.io/affirm/jobs/7386513003,2025-10-25T15:23:39.773432Z,Not Applied
"Analyst II, Fraud Analytics",Affirm,Remote US,,https://job-boards.greenhouse.io/affirm/jobs/6667621003,2025-10-25T15:23:39.771701Z,Not Applied
"Analyst I, Full Stack",Affirm,Remote Spain,,https://job-boards.greenhouse.io/affirm/jobs/6786782003,2025-10-25T15:23:39.758556Z,Not Applied
Vendor Management Intern (Summer 2026),Robinhood,"New York, NY",,https://boards.greenhouse.io/robinhood/jobs/7155949?t=gh_src=&gh_jid=7155949,2025-10-25T15:23:37.608722Z,Not Applied
Treasury Operations Specialist,Robinhood,"Chicago, IL; Lake Mary, FL; New York, NY",,https://boards.greenhouse.io/robinhood/jobs/7243632?t=gh_src=&gh_jid=7243632,2025-10-25T15:23:37.607021Z,Not Applied
"iOS Engineer, Credit Cards & Banking",Robinhood,"Bellevue, WA; Menlo Park, CA; New York, NY",,https://boards.greenhouse.io/robinhood/jobs/7026567?t=gh_src=&gh_jid=7026567,2025-10-25T15:23:37.605014Z,Not Applied
"Full Stack Engineer, Credit Cards & Banking",Robinhood,"Menlo Park, CA; New York, NY",,https://boards.greenhouse.io/robinhood/jobs/7341387?t=gh_src=&gh_jid=7341387,2025-10-25T15:23:37.603019Z,Not Applied
Financial Reporting Intern (Summer 2026),Robinhood,"Chicago, IL; Menlo Park, CA; New York, NY",,https://boards.greenhouse.io/robinhood/jobs/7155932?t=gh_src=&gh_jid=7155932,2025-10-25T15:23:37.600978Z,Not Applied
Financial Compliance Intern (Summer 2026),Robinhood,"Menlo Park, CA; New York, NY",,https://boards.greenhouse.io/robinhood/jobs/7155945?t=gh_src=&gh_jid=7155945,2025-10-25T15:23:37.598262Z,Not Applied
"Data Science Analyst, Corporate Strategy",Robinhood,"Chicago, IL; Menlo Park, CA; New York, NY",,https://boards.greenhouse.io/robinhood/jobs/7226101?t=gh_src=&gh_jid=7226101,2025-10-25T15:23:37.59562Z,Not Applied
Corporate Actions Specialist,Robinhood,"Chicago, IL; Lake Mary, FL",,https://boards.greenhouse.io/robinhood/jobs/7292070?t=gh_src=&gh_jid=7292070,2025-10-25T15:23:37.593429Z,Not Applied
Android Engineer,Robinhood,"New York, NY",,https://boards.greenhouse.io/robinhood/jobs/6669758?t=gh_src=&gh_jid=6669758,2025-10-25T15:23:37.579407Z,Not Applied
Undergrad Software Engineering Intern,Twitch,"San Francisco, CA",,https://job-boards.greenhouse.io/twitch/jobs/8174019002,2025-10-25T15:23:35.377338Z,Not Applied
Undergrad Social Media Intern,Twitch,"San Francisco, CA",,https://job-boards.greenhouse.io/twitch/jobs/8216058002,2025-10-25T15:23:35.375628Z,Not Applied
Undergrad Security Engineering Intern,Twitch,"San Francisco, CA",,https://job-boards.greenhouse.io/twitch/jobs/8216024002,2025-10-25T15:23:35.37382Z,Not Applied
Sr. Software Engineering Mgr,Twitch,"Seattle, WA",,https://job-boards.greenhouse.io/twitch/jobs/8189836002,2025-10-25T15:23:35.37197Z,Not Applied
Sr. Software Engineering Mgr,Twitch,"San Francisco, CA",,https://job-boards.greenhouse.io/twitch/jobs/8188228002,2025-10-25T15:23:35.37012Z,Not Applied
"Software Engineer, ML Products",Twitch,"San Francisco, CA",,https://job-boards.greenhouse.io/twitch/jobs/8183360002,2025-10-25T15:23:35.368091Z,Not Applied
"Software Engineer II, ML Infra",Twitch,"San Francisco, CA",,https://job-boards.greenhouse.io/twitch/jobs/8219251002,2025-10-25T15:23:35.366131Z,Not Applied
Software Engineer II,Twitch,"Seattle, WA",,https://job-boards.greenhouse.io/twitch/jobs/8207639002,2025-10-25T15:23:35.364067Z,Not Applied
Software Engineer II,Twitch,"San Francisco, CA",,https://job-boards.greenhouse.io/twitch/jobs/8180481002,2025-10-25T15:23:35.361733Z,Not Applied
Software Engineer II,Twitch,"San Francisco, CA",,https://job-boards.greenhouse.io/twitch/jobs/8205883002,2025-10-25T15:23:35.359763Z,Not Applied
Software Engineer I- Ad Demand,Twitch,"San Francisco, CA",,https://job-boards.greenhouse.io/twitch/jobs/7982361002,2025-10-25T15:23:35.357959Z,Not Applied
Software Engineer I,Twitch,"San Francisco, CA",,https://job-boards.greenhouse.io/twitch/jobs/8180140002,2025-10-25T15:23:35.356133Z,Not Applied
Software Engineer,Twitch,"Seattle, WA",,https://job-boards.greenhouse.io/twitch/jobs/8186269002,2025-10-25T15:23:35.354138Z,Not Applied
Software Development Engineer,Twitch,"Seattle, WA",,https://job-boards.greenhouse.io/twitch/jobs/8188233002,2025-10-25T15:23:35.352278Z,Not Applied
Software Development Engineer,Twitch,"San Francisco, CA",,https://job-boards.greenhouse.io/twitch/jobs/8188183002,2025-10-25T15:23:35.350238Z,Not Applied
Graduate Applied Science Intern,Twitch,"San Francisco, CA",,https://job-boards.greenhouse.io/twitch/jobs/8204076002,2025-10-25T15:23:35.34778Z,Not Applied
"Software Engineer, Test",Lyft,"San Francisco, CA",,https://app.careerpuck.com/job-board/lyft/job/8185940002?gh_jid=8185940002,2025-10-25T15:23:32.96695Z,Not Applied
"Software Engineer, Routing",Lyft,"New York, NY",,https://app.careerpuck.com/job-board/lyft/job/8153109002?gh_jid=8153109002,2025-10-25T15:23:32.965751Z,Not Applied
"Software Engineer, Rider",Lyft,"San Francisco, CA",,https://app.careerpuck.com/job-board/lyft/job/8193572002?gh_jid=8193572002,2025-10-25T15:23:32.964517Z,Not Applied
"Software Engineer, Lyft Ads ",Lyft,"New York, NY",,https://app.careerpuck.com/job-board/lyft/job/8187854002?gh_jid=8187854002,2025-10-25T15:23:32.963127Z,Not Applied
"Software Engineer Intern, Mobile iOS (Summer 2026)",Lyft,"San Francisco, CA",,https://app.careerpuck.com/job-board/lyft/job/8215921002?gh_jid=8215921002,2025-10-25T15:23:32.961686Z,Not Applied
"Software Engineer, Fulfillment",Lyft,"Seattle, WA",,https://app.careerpuck.com/job-board/lyft/job/8173385002?gh_jid=8173385002,2025-10-25T15:23:32.958458Z,Not Applied
"Software Engineer, Fulfillment",Lyft,"New York, NY",,https://app.careerpuck.com/job-board/lyft/job/8173374002?gh_jid=8173374002,2025-10-25T15:23:32.957059Z,Not Applied
"Software Engineer, Fulfillment",Lyft,"San Francisco, CA",,https://app.careerpuck.com/job-board/lyft/job/8173314002?gh_jid=8173314002,2025-10-25T15:23:32.955732Z,Not Applied
"Software Engineer, Detection Engineering",Lyft,"Seattle, WA",,https://app.careerpuck.com/job-board/lyft/job/8141512002?gh_jid=8141512002,2025-10-25T15:23:32.954439Z,Not Applied
Salesforce Engineer,Lyft,"Seattle, WA",,https://app.careerpuck.com/job-board/lyft/job/8178382002?gh_jid=8178382002,2025-10-25T15:23:32.953182Z,Not Applied
iOS Tooling Engineer,Lyft,"San Francisco, CA",,https://app.careerpuck.com/job-board/lyft/job/8210183002?gh_jid=8210183002,2025-10-25T15:23:32.951828Z,Not Applied
"iOS Engineer, Mobile Foundations",Lyft,"San Francisco, CA",,https://app.careerpuck.com/job-board/lyft/job/8181338002?gh_jid=8181338002,2025-10-25T15:23:32.950334Z,Not Applied
"Data Science Intern, Decisions - Product (Summer 2026)",Lyft,"San Francisco, CA",,https://app.careerpuck.com/job-board/lyft/job/8149465002?gh_jid=8149465002,2025-10-25T15:23:32.948523Z,Not Applied
"Data Science Intern, Algorithms (Summer 2026)",Lyft,"San Francisco, CA",,https://app.careerpuck.com/job-board/lyft/job/8134376002?gh_jid=8134376002,2025-10-25T15:23:32.94689Z,Not Applied
"Data Science Intern, Algorithms (Summer 2026)",Lyft,"New York, NY",,https://app.careerpuck.com/job-board/lyft/job/8151190002?gh_jid=8151190002,2025-10-25T15:23:32.945241Z,Not Applied
Data Engineer Intern (Summer 2026),Lyft,"San Francisco, CA",,https://app.careerpuck.com/job-board/lyft/job/8218030002?gh_jid=8218030002,2025-10-25T15:23:32.943677Z,Not Applied
Data Engineer,Lyft,"San Francisco, CA",,https://app.careerpuck.com/job-board/lyft/job/8164698002?gh_jid=8164698002,2025-10-25T15:23:32.941806Z,Not Applied
Data Analyst Intern (Summer 2026),Lyft,"New York, NY",,https://app.careerpuck.com/job-board/lyft/job/8168727002?gh_jid=8168727002,2025-10-25T15:23:32.939912Z,Not Applied
Android Tooling Engineer,Lyft,"San Francisco, CA",,https://app.careerpuck.com/job-board/lyft/job/8210177002?gh_jid=8210177002,2025-10-25T15:23:32.936435Z,Not Applied
"Android Engineer, Driver Loyalty & Rewards",Lyft,"San Francisco, CA",,https://app.careerpuck.com/job-board/lyft/job/8124230002?gh_jid=8124230002,2025-10-25T15:23:32.924001Z,Not Applied
"Legal Intern, Australia",Airbnb,"Sydney, Australia",,https://careers.airbnb.com/positions/7254205?gh_jid=7254205,2025-10-25T15:23:30.652631Z,Not Applied
Associate Paralegal,Airbnb,"San Francisco, United States ",,https://careers.airbnb.com/positions/7251401?gh_jid=7251401,2025-10-25T15:23:30.651667Z,Not Applied
Application Security Engineer,Airbnb,United States,,https://careers.airbnb.com/positions/7178910?gh_jid=7178910,2025-10-25T15:23:30.640232Z,Not Applied
University Recruiting & Programs Coordinator (Fixed Term Contract),Stripe,San Francisco,,https://stripe.com/jobs/search?gh_jid=7335666,2025-10-25T15:23:28.445682Z,Not Applied
"Treasury Finance Specialist, Americas",Stripe,New York City,,https://stripe.com/jobs/search?gh_jid=7275262,2025-10-25T15:23:28.444197Z,Not Applied
"Technical Operations, Integration Reliability Engineer, Link",Stripe,"Seattle, San Francisco, Remote (North America)",,https://stripe.com/jobs/search?gh_jid=7138269,2025-10-25T15:23:28.442737Z,Not Applied
Strategic Pursuits Specialist,Stripe,"SF, Chicago, NYC, US Remote",,https://stripe.com/jobs/search?gh_jid=6683108,2025-10-25T15:23:28.441234Z,Not Applied
"Software Engineer, Security Accelerate ",Stripe,Remote,,https://stripe.com/jobs/search?gh_jid=7351461,2025-10-25T15:23:28.439648Z,Not Applied
"Software Engineer, New Grad",Stripe,"San Francisco, Seattle",,https://stripe.com/jobs/search?gh_jid=7210112,2025-10-25T15:23:28.437874Z,Not Applied
"Software Engineer, Link",Stripe,USA,,https://stripe.com/jobs/search?gh_jid=7316296,2025-10-25T15:23:28.435833Z,Not Applied
"Software Engineer, Intern (Summer and Winter)",Stripe,"San Francisco, Seattle, New York City",,https://stripe.com/jobs/search?gh_jid=7210115,2025-10-25T15:23:28.433495Z,Not Applied
" Security Investigations Analyst",Stripe,"Remote, North America",,https://stripe.com/jobs/search?gh_jid=7137787,2025-10-25T15:23:28.431613Z,Not Applied
"Sales Strategy & Operations Analyst, Billing",Stripe,"Chi, ATL, US-Remote",,https://stripe.com/jobs/search?gh_jid=7308388,2025-10-25T15:23:28.429401Z,Not Applied
"Salesforce Engineer, Seller Systems",Stripe,"US, Canada",,https://stripe.com/jobs/search?gh_jid=7201375,2025-10-25T15:23:28.427548Z,Not Applied
Risk Operations Analyst,Stripe,"Remote, United States ",,https://stripe.com/jobs/search?gh_jid=5950076,2025-10-25T15:23:28.42557Z,Not Applied
"PhD Machine Learning Engineer, New Grad",Stripe,"San Francisco, New York City, Seattle",,https://stripe.com/jobs/search?gh_jid=7216668,2025-10-25T15:23:28.423635Z,Not Applied
"PhD Machine Learning Engineer, Intern",Stripe,"San Francisco, New York City, Seattle",,https://stripe.com/jobs/search?gh_jid=7216664,2025-10-25T15:23:28.420196Z,Not Applied
People Operations Specialist,Stripe,"Chicago, Atlanta",,https://stripe.com/jobs/search?gh_jid=7344529,2025-10-25T15:23:28.418608Z,Not Applied
" Monetization Services Analyst",Stripe,US-SEA,,https://stripe.com/jobs/search?gh_jid=7246905,2025-10-25T15:23:28.416874Z,Not Applied
"Machine Learning Engineer, Payments ML Accelerator",Stripe,Seattle; San Francisco; New York City,,https://stripe.com/jobs/search?gh_jid=7079044,2025-10-25T15:23:28.415372Z,Not Applied
"Machine Learning Engineer, Identity Product",Stripe,"San Francisco, Seattle",,https://stripe.com/jobs/search?gh_jid=6363655,2025-10-25T15:23:28.413931Z,Not Applied
"Machine Learning Engineer, Foundation Model",Stripe,US - San Francisco; Seattle; New York City,,https://stripe.com/jobs/search?gh_jid=7275014,2025-10-25T15:23:28.412318Z,Not Applied
"Integration Reliability Engineer, Technical Operations, Local Payment Methods",Stripe,"Toronto, Remote in Canada",,https://stripe.com/jobs/search?gh_jid=7286378,2025-10-25T15:23:28.410679Z,Not Applied
"Integration Reliability Engineer, Technical Operations, Cards",Stripe,"Toronto, Remote in Canada",,https://stripe.com/jobs/search?gh_jid=7353393,2025-10-25T15:23:28.408815Z,Not Applied
"Integration Engineer, Stablecoin",Stripe,United States,,https://stripe.com/jobs/search?gh_jid=7155907,2025-10-25T15:23:28.407287Z,Not Applied
"Full Stack Engineer, Managed Operations",Stripe,"Seattle, New York City ",,https://stripe.com/jobs/search?gh_jid=7271571,2025-10-25T15:23:28.40597Z,Not Applied
"Forward Deployed Engineer, Privy",Stripe,New York Privy HQ,,https://stripe.com/jobs/search?gh_jid=7230452,2025-10-25T15:23:28.404642Z,Not Applied
Finance & Strategy Analyst,Stripe,"South San Francisco, Seattle, New York",,https://stripe.com/jobs/search?gh_jid=5890119,2025-10-25T15:23:28.403089Z,Not Applied
"Developer Experience Engineer, Privy",Stripe,"NYC-Privy, US-Remote",,https://stripe.com/jobs/search?gh_jid=7104344,2025-10-25T15:23:28.401635Z,Not Applied
"Design Engineer, Presence",Stripe,"US Remote, Canada",,https://stripe.com/jobs/search?gh_jid=7144975,2025-10-25T15:23:28.400164Z,Not Applied
"Data Analyst, GTM Analytics",Stripe,"Toronto, US-Remote",,https://stripe.com/jobs/search?gh_jid=7264869,2025-10-25T15:23:28.398268Z,Not Applied
"Data Analyst, Communications & Policy",Stripe,US-Remote,,https://stripe.com/jobs/search?gh_jid=7292227,2025-10-25T15:23:28.396541Z,Not Applied
Data Analyst,Stripe,US,,https://stripe.com/jobs/search?gh_jid=5601881,2025-10-25T15:23:28.394995Z,Not Applied
"Credit Risk Strategy Analyst, Portfolio and Policy Management",Stripe,"Toronto, Remote in Canada",,https://stripe.com/jobs/search?gh_jid=7095463,2025-10-25T15:23:28.393345Z,Not Applied
Corporate Development & Ventures Associate,Stripe,"US-SF, US-NYC",,https://stripe.com/jobs/search?gh_jid=7276891,2025-10-25T15:23:28.391693Z,Not Applied
"Compensation Partner, Product & Engineering",Stripe,"NYC, San Francisco, Seattle",,https://stripe.com/jobs/search?gh_jid=7203552,2025-10-25T15:23:28.390018Z,Not Applied
Business Partner Analyst,Stripe,"US, Chicago Only",,https://stripe.com/jobs/search?gh_jid=5986232,2025-10-25T15:23:28.38829Z,Not Applied
Broadcast Engineer,Stripe,"San Francisco, Seattle",,https://stripe.com/jobs/search?gh_jid=7281231,2025-10-25T15:23:28.3868Z,Not Applied
Broadcast Engineer,Stripe,"San Francisco, CA ",,https://stripe.com/jobs/search?gh_jid=6632309,2025-10-25T15:23:28.385486Z,Not Applied
"Backend Engineer, Revenue and Financial Automation",Stripe,"Toronto, CAN-Remote",,https://stripe.com/jobs/search?gh_jid=7217048,2025-10-25T15:23:28.383915Z,Not Applied
"Backend Engineer, Core Technology",Stripe,"Seattle, San Francisco, US-Remote",,https://stripe.com/jobs/search?gh_jid=6042172,2025-10-25T15:23:28.382385Z,Not Applied
"Backend Engineer, Core Tech, Canada",Stripe,"Toronto, CAN-Remote",,https://stripe.com/jobs/search?gh_jid=6567253,2025-10-25T15:23:28.380063Z,Not Applied
"Backend Engineer/API, Payments and Risk (US)",Stripe,US,,https://stripe.com/jobs/search?gh_jid=6163230,2025-10-25T15:23:28.378254Z,Not Applied
"Backend Engineer/API, Payments and Risk",Stripe,"Toronto, Canada Remote",,https://stripe.com/jobs/search?gh_jid=6692166,2025-10-25T15:23:28.376742Z,Not Applied
"Backend/API Engineer, Money as a Service (US)",Stripe,US,,https://stripe.com/jobs/search?gh_jid=6176758,2025-10-25T15:23:28.375186Z,Not Applied
"Android Engineer, Terminal Commerce Experience",Stripe,"Toronto, Remote in Canada",,https://stripe.com/jobs/search?gh_jid=7243948,2025-10-25T15:23:28.373536Z,Not Applied
"Android Engineer, OS Platform",Stripe,"San Francisco, Remote in US, Remote in Canada",,https://stripe.com/jobs/search?gh_jid=7243475,2025-10-25T15:23:28.371614Z,Not Applied
AMER Sales Strategy and Operations Analyst,Stripe,"US Chicago, US Remote",,https://stripe.com/jobs/search?gh_jid=7245456,2025-10-25T15:23:28.363892Z,Not Applied
